{
	"info": {
		"_postman_id": "f895d790-66bd-4736-acbb-d6f40d48ecb3",
		"name": "CoderHouse",
		"schema": "https://schema.getpostman.com/json/collection/v2.1.0/collection.json",
		"_exporter_id": "28592713"
	},
	"item": [
		{
			"name": "GetAllProduts",
			"protocolProfileBehavior": {
				"disableBodyPruning": true
			},
			"request": {
				"method": "GET",
				"header": [],
				"body": {
					"mode": "raw",
					"raw": "{\r\n  \"title\": \"Producto de ejemplo\",\r\n  \"description\": \"Descripción del producto de ejemplo\",\r\n  \"price\": 19.99,\r\n  \"code\": \"ABC123\",\r\n  \"stock\": 10,\r\n  \"status\": true,\r\n  \"category\": \"Electronics\"\r\n}",
					"options": {
						"raw": {
							"language": "json"
						}
					}
				},
				"url": {
					"raw": "http://localhost:8080/api/products",
					"protocol": "http",
					"host": [
						"localhost"
					],
					"port": "8080",
					"path": [
						"api",
						"products"
					]
				}
			},
			"response": []
		},
		{
			"name": "GetProductByID",
			"protocolProfileBehavior": {
				"disableBodyPruning": true
			},
			"request": {
				"method": "GET",
				"header": [],
				"body": {
					"mode": "raw",
					"raw": "",
					"options": {
						"raw": {
							"language": "json"
						}
					}
				},
				"url": {
					"raw": "http://localhost:8080/api/products/2",
					"protocol": "http",
					"host": [
						"localhost"
					],
					"port": "8080",
					"path": [
						"api",
						"products",
						"2"
					]
				}
			},
			"response": []
		},
		{
			"name": "Post Product",
			"request": {
				"method": "POST",
				"header": [],
				"body": {
					"mode": "raw",
					"raw": "{\r\n  \"title\": \"Producto de ejemplo 4\",\r\n  \"description\": \"Descripción del producto de ejemplo 4\",\r\n  \"price\": 19.99,\r\n  \"code\": \"ABC125\",\r\n  \"stock\": 10,\r\n  \"status\": true,\r\n  \"category\": \"Electronics\"\r\n}",
					"options": {
						"raw": {
							"language": "json"
						}
					}
				},
				"url": {
					"raw": "http://localhost:8080/api/products/",
					"protocol": "http",
					"host": [
						"localhost"
					],
					"port": "8080",
					"path": [
						"api",
						"products",
						""
					]
				}
			},
			"response": []
		},
		{
			"name": "Put product",
			"request": {
				"method": "PUT",
				"header": [],
				"body": {
					"mode": "raw",
					"raw": "{\r\n  \"title\": \"Producto de ejemplo x\",\r\n  \"description\": \"Descripción del producto de ejemplo x\",\r\n  \"price\": 19.99,\r\n  \"code\": \"ABC12x\",\r\n  \"stock\": 10,\r\n  \"status\": true,\r\n  \"category\": \"Electronics\"\r\n}",
					"options": {
						"raw": {
							"language": "json"
						}
					}
				},
				"url": {
					"raw": "http://localhost:8080/api/products/2",
					"protocol": "http",
					"host": [
						"localhost"
					],
					"port": "8080",
					"path": [
						"api",
						"products",
						"2"
					]
				}
			},
			"response": []
		},
		{
			"name": "Delete Product",
			"request": {
				"method": "DELETE",
				"header": [],
				"body": {
					"mode": "raw",
					"raw": "{\r\n  \"title\": \"Producto de ejemplo x\",\r\n  \"description\": \"Descripción del producto de ejemplo x\",\r\n  \"price\": 19.99,\r\n  \"code\": \"ABC12x\",\r\n  \"stock\": 10,\r\n  \"status\": true,\r\n  \"category\": \"Electronics\"\r\n}",
					"options": {
						"raw": {
							"language": "json"
						}
					}
				},
				"url": {
					"raw": "http://localhost:8080/api/products/2",
					"protocol": "http",
					"host": [
						"localhost"
					],
					"port": "8080",
					"path": [
						"api",
						"products",
						"2"
					]
				}
			},
			"response": []
		},
		{
			"name": "Crear carrito",
			"request": {
				"method": "POST",
				"header": [],
				"body": {
					"mode": "raw",
					"raw": "{\r\n\r\n}",
					"options": {
						"raw": {
							"language": "json"
						}
					}
				},
				"url": {
					"raw": "http://localhost:8080/api/carts/",
					"protocol": "http",
					"host": [
						"localhost"
					],
					"port": "8080",
					"path": [
						"api",
						"carts",
						""
					]
				}
			},
			"response": []
		},
		{
			"name": "Agregar Producto a carrito",
			"request": {
				"method": "POST",
				"header": [],
				"body": {
					"mode": "raw",
					"raw": "{\r\n \r\n  \"quantity\": 1\r\n}\r\n",
					"options": {
						"raw": {
							"language": "json"
						}
					}
				},
				"url": {
					"raw": "http://localhost:8080/api/carts/1689916430459/products/1",
					"protocol": "http",
					"host": [
						"localhost"
					],
					"port": "8080",
					"path": [
						"api",
						"carts",
						"1689916430459",
						"products",
						"1"
					]
				}
			},
			"response": []
		},
		{
			"name": "Producto en carrito por ID",
			"protocolProfileBehavior": {
				"disableBodyPruning": true
			},
			"request": {
				"method": "GET",
				"header": [],
				"body": {
					"mode": "raw",
					"raw": "{\r\n \r\n  \"quantity\": 1\r\n}\r\n",
					"options": {
						"raw": {
							"language": "json"
						}
					}
				},
				"url": {
					"raw": "http://localhost:8080/api/carts/1689916430459/products/",
					"protocol": "http",
					"host": [
						"localhost"
					],
					"port": "8080",
					"path": [
						"api",
						"carts",
						"1689916430459",
						"products",
						""
					]
				}
			},
			"response": []
		},
		{
			"name": "Ver carritos",
			"protocolProfileBehavior": {
				"disableBodyPruning": true
			},
			"request": {
				"method": "GET",
				"header": [],
				"body": {
					"mode": "raw",
					"raw": "{\r\n \r\n  \"quantity\": 1\r\n}\r\n",
					"options": {
						"raw": {
							"language": "json"
						}
					}
				},
				"url": {
					"raw": "http://localhost:8080/api/carts/",
					"protocol": "http",
					"host": [
						"localhost"
					],
					"port": "8080",
					"path": [
						"api",
						"carts",
						""
					]
				}
			},
			"response": []
		},
		{
			"name": "Eliminar producto del carrito por ID",
			"request": {
				"method": "DELETE",
				"header": [],
				"body": {
					"mode": "raw",
					"raw": "{\r\n \r\n  \"quantity\": 1\r\n}\r\n",
					"options": {
						"raw": {
							"language": "json"
						}
					}
				},
				"url": {
					"raw": "http://localhost:8080/api/carts/1689916430459/products/1",
					"protocol": "http",
					"host": [
						"localhost"
					],
					"port": "8080",
					"path": [
						"api",
						"carts",
						"1689916430459",
						"products",
						"1"
					]
				}
			},
			"response": []
		}
	]
}